{
  "id": "kingsmouth",
  "title": "Kingsmouth",
  "version": "1.0.0",
  "authors": [
    {
      "name": "Manuel Garrido",
      "url": "https://github.com/ManuelGarridoRodriguez",
      "discord": "garrimanu"
    }
  ],
  "compatibility": {
    "minimum": "0.8.6",
    "verified": "10.286"
  },
  "packs": [
    {
      "name": "bestiario",
      "label": "Bestiario",
      "path": "packs/bestiario",
      "type": "Actor",
      "system": "dnd5e",
      "ownership": {
        "PLAYER": "NONE",
        "ASSISTANT": "OWNER"
      }
    },
    {
      "name": "clases",
      "label": "Clases",
      "path": "packs/clases",
      "type": "Item",
      "system": "dnd5e",
      "ownership": {
        "PLAYER": "OBSERVER",
        "ASSISTANT": "OWNER"
      }
    },
    {
      "name": "conjuros",
      "label": "Conjuros",
      "path": "packs/conjuros",
      "type": "Item",
      "system": "dnd5e",
      "ownership": {
        "PLAYER": "OBSERVER",
        "ASSISTANT": "OWNER"
      }
    },
    {
      "name": "culturas",
      "label": "Culturas",
      "path": "packs/culturas",
      "type": "Item",
      "system": "dnd5e",
      "ownership": {
        "PLAYER": "OBSERVER",
        "ASSISTANT": "OWNER"
      }
    },
    {
      "name": "reglas",
      "label": "Reglas",
      "path": "packs/reglas",
      "type": "JournalEntry",
      "ownership": {
        "PLAYER": "OBSERVER",
        "ASSISTANT": "OWNER"
      }
    },
    {
      "name": "tablas-aleatorias",
      "label": "Tablas aleatorias",
      "path": "packs/tablas-aleatorias",
      "type": "RollTable",
      "ownership": {
        "PLAYER": "NONE",
        "ASSISTANT": "OWNER"
      }
    },
    {
      "name": "trasfondos",
      "label": "Trasfondos",
      "path": "packs/trasfondos",
      "type": "Item",
      "system": "dnd5e",
      "ownership": {
        "PLAYER": "OBSERVER",
        "ASSISTANT": "OWNER"
      }
    }
  ],
  "manifest": "https://github.com/ManuelGarridoRodriguez/kingsmouth/releases/download/0.5/module.json",
  "download": "https://github.com/ManuelGarridoRodriguez/kingsmouth/releases/download/0.5/module.zip"
}
